id;employee_name;service_outlet_code;employee_role;employee_staff_code;employee_signature;employee_signature_content_type;employee_email
1;mobile Fish;Home Loan Account Table Computer;Trace;Savings Account alarm;72656420436869707320536f6170;image/png;Home Loan Account
2;web-readiness;Namibia;Steel zero administration;Multi-channelled Licensed;43616e796f6e20484444;image/png;Table Small Frozen Sausages Planner
3;envisioneer Music Public-key;infomediaries;Investment Account;Games Regional Digitized;4d61796f747465;image/png;Industrial
4;connect Markets Chief;capacitor archive;sky blue Tasty Plastic Pizza;compress South Georgia and the South Sandwich Islands;62696675726361746564207363616c61626c65;image/png;Small
5;deliverables reinvent 24 hour;overriding;monitor 1080p Checking Account;world-class Frozen IB;6d6f7261746f7269756d206d6f7261746f7269756d;image/png;New York tangible Mississippi
6;Frozen bus;hard drive Robust Networked;Poland;Small partnerships;486172626f72204d6f6e74616e61;image/png;Corporate Phased relationships
7;white Brand Money Market Account;Salad Web virtual;Refined Squares;maroon;737570706f727420476f7267656f7573;image/png;withdrawal
8;copying;ability Hat Iraq;magenta Concrete;User-centric Gloves;666163696c697461746520546173747920436f6e6372657465204368697073204578636c7573697665;image/png;Buckinghamshire capability zero tolerance
9;mission-critical;Berkshire Small Plastic Pants Investor;Canadian Dollar;Berkshire Designer;6e61766967617465;image/png;Re-contextualized
10;web-enabled invoice withdrawal;bypassing optical;installation;Argentine Peso;6f70656e2d736f75726365207475726e2d6b6579;image/png;Sausages
