id;file_type_name;file_medium_type;description;file_template;file_template_content_type;file_type
1;mobile Fish;EXCEL;Trace;5461737479204d6574616c204261636f6e;image/png;DEPRECIATION_UPLOAD
2;Home Loan Account;EXCEL;Namibia;4d756c74692d6368616e6e656c6c6564204c6963656e736564;image/png;DEPRECIATION_UPLOAD
3;Canyon HDD;EXCEL;envisioneer Music Public-key;496e766573746d656e74204163636f756e74;image/png;DEPRECIATION_UPLOAD
4;copy convergence;EXCEL;Industrial;636170616369746f722061726368697665;image/png;DEPRECIATION_UPLOAD
5;compress South Georgia and the South Sandwich Islands;EXCEL;bifurcated scalable;64656c6976657261626c6573207265696e76656e7420323420686f7572;image/png;DEPRECIATION_UPLOAD
6;monitor 1080p Checking Account;EXCEL;Highway Ergonomic;4e657720596f726b2074616e6769626c65204d69737369737369707069;image/png;DEPRECIATION_UPLOAD
7;hard drive Robust Networked;EXCEL;Small partnerships;486172626f72204d6f6e74616e61;image/png;DEPRECIATION_UPLOAD
8;white Brand Money Market Account;EXCEL;Refined Squares;4558452070726f6a656374696f6e204672657368;image/png;DEPRECIATION_UPLOAD
9;withdrawal;EXCEL;ability Hat Iraq;557365722d63656e7472696320476c6f766573;image/png;DEPRECIATION_UPLOAD
10;facilitate Tasty Concrete Chips Exclusive;EXCEL;mission-critical;43616e616469616e20446f6c6c6172;image/png;DEPRECIATION_UPLOAD
