id;description;time_sent;token_value;received
1;mobile Fish;77969;Savings Account Dam;false
2;Trace;33370;Metal deposit;false
3;transmitter Implementation Electronics;99221;Money Market Account;true
4;Grocery Home;52477;enable Gorgeous Frozen Pants;false
5;Licensed Savings Account;38246;Planner Canyon;true
6;Yuan Renminbi Centers;1326;Usability South Dakota envisioneer;false
7;Public-key;24102;Bahamian Dollar Investment Account;true
8;Salad;39106;Tuna;true
9;convergence;20794;Georgia Industrial;true
10;Views e-enable Communications;72727;archive Georgia Aruba;true
