id;description;approval_document;approval_document_content_type;invoice_document;invoice_document_content_type;lpo_document;lpo_document_content_type;requisition_document;requisition_document_content_type;other_documents;other_documents_content_type
1;Music;../data/blob/hipster.png;image/png;../data/blob/hipster.png;image/png;../data/blob/hipster.png;image/png;../data/blob/hipster.png;image/png;../data/blob/hipster.png;image/png
2;Nakfa;../data/blob/hipster.png;image/png;../data/blob/hipster.png;image/png;../data/blob/hipster.png;image/png;../data/blob/hipster.png;image/png;../data/blob/hipster.png;image/png
3;Bahamian Dollar Investment Account;../data/blob/hipster.png;image/png;../data/blob/hipster.png;image/png;../data/blob/hipster.png;image/png;../data/blob/hipster.png;image/png;../data/blob/hipster.png;image/png
4;Games Regional Digitized;../data/blob/hipster.png;image/png;../data/blob/hipster.png;image/png;../data/blob/hipster.png;image/png;../data/blob/hipster.png;image/png;../data/blob/hipster.png;image/png
5;copy convergence;../data/blob/hipster.png;image/png;../data/blob/hipster.png;image/png;../data/blob/hipster.png;image/png;../data/blob/hipster.png;image/png;../data/blob/hipster.png;image/png
6;Mayotte;../data/blob/hipster.png;image/png;../data/blob/hipster.png;image/png;../data/blob/hipster.png;image/png;../data/blob/hipster.png;image/png;../data/blob/hipster.png;image/png
7;Industrial;../data/blob/hipster.png;image/png;../data/blob/hipster.png;image/png;../data/blob/hipster.png;image/png;../data/blob/hipster.png;image/png;../data/blob/hipster.png;image/png
8;connect Markets Chief;../data/blob/hipster.png;image/png;../data/blob/hipster.png;image/png;../data/blob/hipster.png;image/png;../data/blob/hipster.png;image/png;../data/blob/hipster.png;image/png
9;capacitor archive;../data/blob/hipster.png;image/png;../data/blob/hipster.png;image/png;../data/blob/hipster.png;image/png;../data/blob/hipster.png;image/png;../data/blob/hipster.png;image/png
10;sky blue Tasty Plastic Pizza;../data/blob/hipster.png;image/png;../data/blob/hipster.png;image/png;../data/blob/hipster.png;image/png;../data/blob/hipster.png;image/png;../data/blob/hipster.png;image/png
